{"loss": [0.10405338555574417, 0.007159879431128502, 0.006593892816454172, 0.006450343877077103, 0.006471375469118357, 0.006349195726215839, 0.006259577348828316, 0.006251955404877663, 0.006241664756089449, 0.006162361241877079, 0.006180976051837206, 0.0061365715228021145, 0.006125408690422773, 0.006090890616178513, 0.006095502525568008, 0.006087116431444883, 0.006056981161236763, 0.006052674725651741, 0.006055046804249287, 0.006027218885719776, 0.00600397540256381, 0.006030405405908823, 0.006026002112776041, 0.0060127838514745235, 0.006005959119647741, 0.006007721181958914, 0.0060004014521837234, 0.005979220848530531, 0.005970779340714216, 0.005993712227791548, 0.005970275029540062, 0.0059950994327664375, 0.005986575502902269], "val_loss": [0.008359516970813274, 0.005666951183229685, 0.005627017933875322, 0.005601595621556044, 0.00558339711278677, 0.0056104883551597595, 0.005627445410937071, 0.005573848262429237, 0.005606660153716803, 0.005542300641536713, 0.005549189634621143, 0.005537060089409351, 0.005536242853850126, 0.005617274437099695, 0.005551437381654978, 0.005571392364799976, 0.005547037813812494, 0.0055696191266179085, 0.005561045370995998, 0.005540612153708935, 0.005553820636123419, 0.0055396668612957, 0.005529025103896856, 0.005537562072277069, 0.005540832877159119, 0.0055389683693647385, 0.005533291958272457, 0.005531396251171827, 0.005534969735890627, 0.005538863595575094, 0.005538875237107277, 0.005537210498005152, 0.005538512021303177], "mae": [0.25922733545303345, 0.04041815549135208, 0.03334927558898926, 0.03146113082766533, 0.030586425215005875, 0.02976832166314125, 0.029016779735684395, 0.028775619342923164, 0.02857312001287937, 0.028284544125199318, 0.028184235095977783, 0.02789551019668579, 0.027849258854985237, 0.027586232870817184, 0.027568720281124115, 0.027412448078393936, 0.027347497642040253, 0.027266746386885643, 0.027154654264450073, 0.027140183374285698, 0.02697751484811306, 0.02707846276462078, 0.02705499529838562, 0.027053318917751312, 0.026939017698168755, 0.026992257684469223, 0.02696286328136921, 0.0268848929554224, 0.026913557201623917, 0.026928337290883064, 0.026856863871216774, 0.026837259531021118, 0.026887815445661545], "val_mae": [0.056136276572942734, 0.03136814013123512, 0.02941858395934105, 0.028477884829044342, 0.027748888358473778, 0.02711549773812294, 0.026805508881807327, 0.02665836364030838, 0.026634637266397476, 0.026315558701753616, 0.026006752625107765, 0.02586853690445423, 0.025953063741326332, 0.026313696056604385, 0.025846464559435844, 0.025828354060649872, 0.025560475885868073, 0.02567209303379059, 0.02559630200266838, 0.025493541732430458, 0.025630945339798927, 0.025523973628878593, 0.025434229522943497, 0.02553902380168438, 0.025470279157161713, 0.02549264207482338, 0.025403033941984177, 0.025392087176442146, 0.025382254272699356, 0.025405991822481155, 0.02540772780776024, 0.02540425956249237, 0.025384806096553802]}