{"min": [1.0, 2.0, 3.0, 4.0, 8.0, 10.0, 1.0, 29.0, 7.0, 4.833333492279053, 2.380476236343384, 0.0, 0.0, 0.0, 0.0, 0.0, 0.0, 0.0, 394.0, 401.0, 346.0, 350.0, 347.0, 413.0, 371.0, 370.0, 401.0, 384.0, 350.0, 357.0, 365.0, 413.0, 371.0, 348.0, 389.0, 376.0, 384.0, 373.0, 320.0, 411.0, 353.0, 355.0, 361.0, 378.0, 378.0, 330.0, 336.0, 343.0, 344.0, 371.0, 343.0, 144.0, 118.0, 123.0, 129.0, 116.0, 130.0, 137.0, 124.0, 111.0, 117.0, 121.0, 133.0, 110.0, 125.0, 141.0, 142.0, 2.0, 0.0, 10.0, 1.0, 2.0, 13.0, 1.0, 0.0, 3.0, 3.0, 8.0, 21.0, 9.0, 1.0, 2.0, 3.0, 18.0, 14.0, 7.0, 9.0, 5.0, 3.0, 2.0, 6.0, 0.0, 4.0, 3.0, 0.0, 1.0, 0.0, 0.0, 8.0, 7.0, 5.0, 0.0, 13.0, 23.0, 7.0, 30.0, 2.0, 27.0, 1.0, 12.0, 3.0, 26.0, 8.0, 39.0, 4.0, 17.0], "max": [22.0, 26.0, 30.0, 31.0, 32.0, 33.0, 16.0, 172.0, 32.0, 28.66666603088379, 13.337499618530273, 6.0, 6.0, 6.0, 6.0, 6.0, 6.0, 5.0, 394.0, 401.0, 346.0, 350.0, 347.0, 413.0, 371.0, 370.0, 401.0, 384.0, 350.0, 357.0, 365.0, 413.0, 371.0, 348.0, 389.0, 376.0, 384.0, 373.0, 320.0, 411.0, 353.0, 355.0, 361.0, 378.0, 378.0, 330.0, 336.0, 343.0, 344.0, 371.0, 343.0, 144.0, 118.0, 123.0, 129.0, 116.0, 130.0, 137.0, 124.0, 111.0, 117.0, 121.0, 133.0, 110.0, 125.0, 141.0, 142.0, 2.0, 0.0, 10.0, 1.0, 2.0, 13.0, 1.0, 0.0, 3.0, 3.0, 8.0, 21.0, 9.0, 1.0, 2.0, 3.0, 18.0, 14.0, 7.0, 9.0, 5.0, 3.0, 2.0, 6.0, 0.0, 4.0, 3.0, 0.0, 1.0, 0.0, 0.0, 8.0, 7.0, 5.0, 0.0, 13.0, 23.0, 7.0, 30.0, 2.0, 27.0, 1.0, 12.0, 3.0, 26.0, 8.0, 39.0, 4.0, 17.0]}